Drive homing rate,Resistance formation rate,rate wt,rate dr,rate of function preserving resistance,rate of function disrupting resistance,rate of inds with at least 1 drive copy,ending pop size
0.5,0,0,1,0,0,1,4852
0.5,0.005,0,0.910105,0,0.0898947,0.990526,4750
0.5,0.01,0,0.878655,0,0.121345,0.989328,4685
0.5,0.015,0,0.900904,0,0.0990963,0.98823,4758
0.5,0.02,0,0.701288,0,0.298712,0.909223,4814
0.5,0.025,0,0.677984,0,0.322016,0.904049,4742
0.5,0.03,0,0.518023,0,0.481977,0.765808,4855
0.5,0.035,0,0.502183,0,0.497817,0.751716,4809
